Name,Field
Rui Zhong,Accounting
Antony Gray,Accounting
Elizabeth Ooi,Accounting
Mosharraf Hossain,Accounting
Leo Langa,Accounting
Duc Vo,Accounting
Mark Holub,Accounting
Dirk Baur,Accounting
Warrick Van Zyl,Accounting
Phil Hancock,Accounting
Stijn Masschelein,Accounting
Alex Zhang,Accounting
Daniel Cahill,Accounting
Nikki Schonfeldt,Accounting
Russell Poskitt,Accounting
Paul Gerrans,Accounting
David Gilchrist,Accounting
Kam Chan,Accounting
Farhan Shazia,Accounting
Glen Hutchings,Accounting
Prerana Agrawal,Accounting
Yihui Lan,Accounting
Chloe Ho,Accounting
Thanesvary Subraamanniam,Accounting
Lee Smales,Accounting
Ricky Chung,Accounting
George Shan,Accounting
Lai Hoang,Accounting
Gary Smith,Accounting
Vincent Chong,Accounting
Yuanji Wen,Accounting
Lyndie Bayne,Accounting
Thao Hoang,Accounting
Collette Chesters,Accounting
Frank Liu,Accounting
Joey Yang,Accounting
